minimum_nights_group,host_group,q1,median,q3,whisker_low,whisker_high,sample_size
1-2 nights,Individual host,0.336986301369863,0.6602739726027397,0.8753424657534246,0,1,1051
1-2 nights,Multi-listing host,0.2602739726027397,0.5232876712328767,0.863013698630137,0,1,2970
3-6 nights,Individual host,0.2356164383561644,0.5698630136986301,0.8301369863013699,0,1,659
3-6 nights,Multi-listing host,0.2794520547945205,0.5972602739726027,0.8643835616438356,0,1,499
30+ nights,Individual host,0.0,0.0,0.6164383561643836,0,1,16186
30+ nights,Multi-listing host,0.2465753424657534,0.7397260273972602,0.9616438356164384,0,1,14812
7-29 nights,Individual host,0.13972602739726028,0.4273972602739726,0.684931506849315,0,1,49
7-29 nights,Multi-listing host,0.1267123287671233,0.1986301369863014,0.7794520547945205,0,1,98
